date,type,electricity_consumption_kWh
01-01-2002,Residential,1524085177.0
01-02-2002,Residential,1597466131.0
01-03-2002,Residential,1842061202.0
01-04-2002,Residential,2048720372.0000002
01-05-2002,Residential,1989872169.0
01-06-2002,Residential,1918609722.0
01-07-2002,Residential,1942961790.0
01-08-2002,Residential,1881973744.0
01-09-2002,Residential,1805927948.0
01-10-2002,Residential,1845032888.0
01-11-2002,Residential,1784437096.0
01-12-2002,Residential,1782026179.0
01-01-2002,Business,1397479740.0
01-02-2002,Business,1421461132.0
01-03-2002,Business,1625588512.0
01-04-2002,Business,1660139789.0
01-05-2002,Business,1663676852.0
01-06-2002,Business,1652298726.0
01-07-2002,Business,1689672585.0
01-08-2002,Business,1667415189.0
01-09-2002,Business,1616951735.0
01-10-2002,Business,1661481041.0
01-11-2002,Business,1595471236.0
01-12-2002,Business,1615914256.0
01-01-2002,Industrial,3977330328.0
01-02-2002,Industrial,3890335908.0
01-03-2002,Industrial,4510566617.0
01-04-2002,Industrial,4233868311.9999995
01-05-2002,Industrial,4589169909.0
01-06-2002,Industrial,4518909423.0
01-07-2002,Industrial,4598969420.0
01-08-2002,Industrial,4646023220.0
01-09-2002,Industrial,4496778693.0
01-10-2002,Industrial,4616356325.0
01-11-2002,Industrial,4523672872.0
01-12-2002,Industrial,4362777150.0
01-01-2002,Government & Non-Profit,246117053.0
01-02-2002,Government & Non-Profit,259673865.99999997
01-03-2002,Government & Non-Profit,300596615.0
01-04-2002,Government & Non-Profit,286972177.0
01-05-2002,Government & Non-Profit,305830666.0
01-06-2002,Government & Non-Profit,331824559.0
01-07-2002,Government & Non-Profit,341537835.0
01-08-2002,Government & Non-Profit,323306597.0
01-09-2002,Government & Non-Profit,318642682.0
01-10-2002,Government & Non-Profit,313211507.0
01-11-2002,Government & Non-Profit,308918156.0
01-12-2002,Government & Non-Profit,298549872.0
01-01-2002,Agriculture,19367330.0
01-02-2002,Agriculture,25541219.0
01-03-2002,Agriculture,24229577.0
01-04-2002,Agriculture,23081002.0
01-05-2002,Agriculture,14897882.0
01-06-2002,Agriculture,13931768.0
01-07-2002,Agriculture,23056514.0
01-08-2002,Agriculture,17182434.0
01-09-2002,Agriculture,5487429.0
01-10-2002,Agriculture,13532049.0
01-11-2002,Agriculture,2669416.0
01-12-2002,Agriculture,9154013.0
01-01-2002,Other,84913643.42
01-02-2002,Other,90982818.56
01-03-2002,Other,92139855.38
01-04-2002,Other,122344982.8
01-05-2002,Other,89540989.41
01-06-2002,Other,92604392.45
01-07-2002,Other,118145841.89999999
01-08-2002,Other,34722769.85
01-09-2002,Other,103243236.60000001
01-10-2002,Other,95996383.78
01-11-2002,Other,70005496.75
01-12-2002,Other,114316558.0
01-01-2002,Free of Charge,77511626.0
01-02-2002,Free of Charge,73601203.0
01-03-2002,Free of Charge,76068583.0
01-04-2002,Free of Charge,85951362.0
01-05-2002,Free of Charge,77305921.0
01-06-2002,Free of Charge,75644181.0
01-07-2002,Free of Charge,78192417.0
01-08-2002,Free of Charge,79837121.0
01-09-2002,Free of Charge,80798060.0
01-10-2002,Free of Charge,83212809.0
01-11-2002,Free of Charge,83760401.0
01-12-2002,Free of Charge,87404520.0
01-01-2003,Residential,1687460794.0
01-02-2003,Residential,1646825915.0
01-03-2003,Residential,1961256918.0
01-04-2003,Residential,2141527246.0
01-05-2003,Residential,2188357998.0
01-06-2003,Residential,2046227219.0
01-07-2003,Residential,1982454698.0
01-08-2003,Residential,2052216127.0000002
01-09-2003,Residential,1916635573.0
01-10-2003,Residential,2011065458.0
01-11-2003,Residential,1939022127.0
01-12-2003,Residential,1756495895.0
01-01-2003,Business,1560051766.0
01-02-2003,Business,1603639800.0
01-03-2003,Business,1762186283.0
01-04-2003,Business,1762253561.0
01-05-2003,Business,1806763328.0
01-06-2003,Business,1762243699.0
01-07-2003,Business,1778471037.0
01-08-2003,Business,1806717272.0
01-09-2003,Business,1712722835.0
01-10-2003,Business,1757657738.0
01-11-2003,Business,1759579988.0
01-12-2003,Business,1611624242.0
01-01-2003,Industrial,4411356262.0
01-02-2003,Industrial,4233862529.0
01-03-2003,Industrial,4904092657.0
01-04-2003,Industrial,4461700113.0
01-05-2003,Industrial,4904858752.0
01-06-2003,Industrial,4774208794.0
01-07-2003,Industrial,4759962423.0
01-08-2003,Industrial,4888735204.0
01-09-2003,Industrial,4831579235.0
01-10-2003,Industrial,4997350144.0
01-11-2003,Industrial,4894515513.0
01-12-2003,Industrial,4684885911.0
01-01-2003,Government & Non-Profit,261131776.0
01-02-2003,Government & Non-Profit,268101640.99999997
01-03-2003,Government & Non-Profit,303719248.0
01-04-2003,Government & Non-Profit,295793441.0
01-05-2003,Government & Non-Profit,312095140.0
01-06-2003,Government & Non-Profit,334414138.0
01-07-2003,Government & Non-Profit,350393658.0
01-08-2003,Government & Non-Profit,344037976.0
01-09-2003,Government & Non-Profit,329683830.0
01-10-2003,Government & Non-Profit,325605981.0
01-11-2003,Government & Non-Profit,334804228.0
01-12-2003,Government & Non-Profit,241322959.0
01-01-2003,Agriculture,19636697.0
01-02-2003,Agriculture,26147801.0
01-03-2003,Agriculture,25139998.0
01-04-2003,Agriculture,22416649.0
01-05-2003,Agriculture,19556591.0
01-06-2003,Agriculture,15619719.0
01-07-2003,Agriculture,18464063.0
01-08-2003,Agriculture,20433754.0
01-09-2003,Agriculture,9606603.0
01-10-2003,Agriculture,14072119.0
01-11-2003,Agriculture,17781716.0
01-12-2003,Agriculture,19003434.0
01-01-2003,Other,87650571.04
01-02-2003,Other,43348789.47
01-03-2003,Other,108944805.9
01-04-2003,Other,88450153.65
01-05-2003,Other,116512128.0
01-06-2003,Other,122786031.30000001
01-07-2003,Other,108717009.8
01-08-2003,Other,143235164.9
01-09-2003,Other,51893323.62
01-10-2003,Other,118860061.1
01-11-2003,Other,109440160.5
01-12-2003,Other,113889815.5
01-01-2003,Free of Charge,87684362.0
01-02-2003,Free of Charge,83875033.0
01-03-2003,Free of Charge,88267290.0
01-04-2003,Free of Charge,88265244.0
01-05-2003,Free of Charge,88506464.0
01-06-2003,Free of Charge,90095140.0
01-07-2003,Free of Charge,90385741.0
01-08-2003,Free of Charge,88253298.0
01-09-2003,Free of Charge,88418820.0
01-10-2003,Free of Charge,95623439.0
01-11-2003,Free of Charge,95443449.0
01-12-2003,Free of Charge,99055659.0
01-01-2004,Residential,1755013039.0
01-02-2004,Residential,1714705559.0
01-03-2004,Residential,2094390571.9999998
01-04-2004,Residential,2354507754.0
01-05-2004,Residential,2297726498.0
01-06-2004,Residential,2088728047.0
01-07-2004,Residential,2131091030.0
01-08-2004,Residential,2094954603.0000002
01-09-2004,Residential,2084941987.0000002
01-10-2004,Residential,2091881042.9999998
01-11-2004,Residential,2063229991.0000002
01-12-2004,Residential,1767152762.0
01-01-2004,Business,1643459922.0
01-02-2004,Business,1630440492.0
01-03-2004,Business,1888512182.0
01-04-2004,Business,1924152872.0
01-05-2004,Business,1944437329.0
01-06-2004,Business,1846862872.0
01-07-2004,Business,1944750144.0
01-08-2004,Business,1899142094.0
01-09-2004,Business,1893537594.0
01-10-2004,Business,1879105976.0
01-11-2004,Business,1880634815.0
01-12-2004,Business,1714967524.0
01-01-2004,Industrial,4659663251.0
01-02-2004,Industrial,4815626777.0
01-03-2004,Industrial,5271968226.0
01-04-2004,Industrial,4857234117.0
01-05-2004,Industrial,5348041613.0
01-06-2004,Industrial,5116308021.0
01-07-2004,Industrial,5336131695.0
01-08-2004,Industrial,5217590996.0
01-09-2004,Industrial,5293067062.0
01-10-2004,Industrial,5464454962.0
01-11-2004,Industrial,5227738918.0
01-12-2004,Industrial,5043822365.0
01-01-2004,Government & Non-Profit,273677472.0
01-02-2004,Government & Non-Profit,280416250.0
01-03-2004,Government & Non-Profit,314914573.0
01-04-2004,Government & Non-Profit,320117339.0
01-05-2004,Government & Non-Profit,326183651.0
01-06-2004,Government & Non-Profit,346461176.0
01-07-2004,Government & Non-Profit,340566135.0
01-08-2004,Government & Non-Profit,339519901.0
01-09-2004,Government & Non-Profit,347969974.0
01-10-2004,Government & Non-Profit,322459120.0
01-11-2004,Government & Non-Profit,319741012.0
01-12-2004,Government & Non-Profit,282446278.0
01-01-2004,Agriculture,27698104.0
01-02-2004,Agriculture,25495165.0
01-03-2004,Agriculture,33288955.0
01-04-2004,Agriculture,29415242.0
01-05-2004,Agriculture,16238015.0
01-06-2004,Agriculture,10102518.0
01-07-2004,Agriculture,20921656.0
01-08-2004,Agriculture,7716441.0
01-09-2004,Agriculture,10976238.0
01-10-2004,Agriculture,24203817.0
01-11-2004,Agriculture,22970197.0
01-12-2004,Agriculture,21735770.0
01-01-2004,Other,111074138.5
01-02-2004,Other,109306708.2
01-03-2004,Other,129868992.7
01-04-2004,Other,146712131.0
01-05-2004,Other,139177244.3
01-06-2004,Other,150672084.5
01-07-2004,Other,128616816.19999999
01-08-2004,Other,165247262.9
01-09-2004,Other,76848033.47
01-10-2004,Other,161196315.8
01-11-2004,Other,120367763.0
01-12-2004,Other,132723702.6
01-01-2004,Free of Charge,98967957.0
01-02-2004,Free of Charge,98163870.0
01-03-2004,Free of Charge,99630698.0
01-04-2004,Free of Charge,98548250.0
01-05-2004,Free of Charge,98757508.0
01-06-2004,Free of Charge,97605021.0
01-07-2004,Free of Charge,99005148.0
01-08-2004,Free of Charge,99247854.0
01-09-2004,Free of Charge,98586316.0
01-10-2004,Free of Charge,99428133.0
01-11-2004,Free of Charge,97769025.0
01-12-2004,Free of Charge,98378394.0
01-01-2005,Residential,1758133105.0
01-02-2005,Residential,1925123518.0
01-03-2005,Residential,2128936722.9999998
01-04-2005,Residential,2354264762.0
01-05-2005,Residential,2495137168.0
01-06-2005,Residential,2281022882.0
01-07-2005,Residential,2188609927.0
01-08-2005,Residential,2143174426.0
01-09-2005,Residential,2138334431.0000002
01-10-2005,Residential,2176032976.0
01-11-2005,Residential,2036477091.0
01-12-2005,Residential,1856649265.0
01-01-2005,Business,1705357132.0
01-02-2005,Business,1784229513.0
01-03-2005,Business,1967735553.0
01-04-2005,Business,1990766664.0
01-05-2005,Business,2097190482.9999998
01-06-2005,Business,2048971697.0
01-07-2005,Business,1984433020.0
01-08-2005,Business,1995153528.0
01-09-2005,Business,1939011990.0
01-10-2005,Business,1947492273.0
01-11-2005,Business,1907353373.0
01-12-2005,Business,1777769481.0
01-01-2005,Industrial,5080030635.0
01-02-2005,Industrial,4987265812.0
01-03-2005,Industrial,5793325649.0
01-04-2005,Industrial,5218527642.0
01-05-2005,Industrial,5781862750.0
01-06-2005,Industrial,5591628477.0
01-07-2005,Industrial,5543489082.0
01-08-2005,Industrial,5504181444.0
01-09-2005,Industrial,5522383744.0
01-10-2005,Industrial,5653896179.0
01-11-2005,Industrial,5475710352.0
01-12-2005,Industrial,5213092394.0
01-01-2005,Government & Non-Profit,270918216.0
01-02-2005,Government & Non-Profit,303927074.0
01-03-2005,Government & Non-Profit,327107900.0
01-04-2005,Government & Non-Profit,305772652.0
01-05-2005,Government & Non-Profit,346099453.0
01-06-2005,Government & Non-Profit,360938337.0
01-07-2005,Government & Non-Profit,340800531.0
01-08-2005,Government & Non-Profit,333946555.0
01-09-2005,Government & Non-Profit,359517157.0
01-10-2005,Government & Non-Profit,314650123.0
01-11-2005,Government & Non-Profit,308384786.0
01-12-2005,Government & Non-Profit,276412590.0
01-01-2005,Agriculture,29310106.0
01-02-2005,Agriculture,32946426.000000004
01-03-2005,Agriculture,36097487.0
01-04-2005,Agriculture,23873230.0
01-05-2005,Agriculture,21929536.0
01-06-2005,Agriculture,16691630.0
01-07-2005,Agriculture,19397872.0
01-08-2005,Agriculture,18296106.0
01-09-2005,Agriculture,10465815.0
01-10-2005,Agriculture,13376761.0
01-11-2005,Agriculture,11497776.0
01-12-2005,Agriculture,15474702.0
01-01-2005,Other,138890483.4
01-02-2005,Other,148929052.6
01-03-2005,Other,157644157.4
01-04-2005,Other,147316028.0
01-05-2005,Other,167929266.5
01-06-2005,Other,179242942.2
01-07-2005,Other,144413782.6
01-08-2005,Other,160323120.3
01-09-2005,Other,139880508.9
01-10-2005,Other,170788716.1
01-11-2005,Other,164763122.2
01-12-2005,Other,165359662.6
01-01-2005,Free of Charge,109007609.0
01-02-2005,Free of Charge,97472907.0
01-03-2005,Free of Charge,103245262.0
01-04-2005,Free of Charge,104866872.0
01-05-2005,Free of Charge,104083275.0
01-06-2005,Free of Charge,103815814.0
01-07-2005,Free of Charge,103318574.0
01-08-2005,Free of Charge,104191097.0
01-09-2005,Free of Charge,105059580.0
01-10-2005,Free of Charge,110257575.0
01-11-2005,Free of Charge,108419979.0
01-12-2005,Free of Charge,110218892.0
01-01-2006,Residential,1888102773.0
01-02-2006,Residential,1958184299.0
01-03-2006,Residential,2321091528.0
01-04-2006,Residential,2446420780.0
01-05-2006,Residential,2403273276.0
01-06-2006,Residential,2313951989.0
01-07-2006,Residential,2300436208.0
01-08-2006,Residential,2285862112.0
01-09-2006,Residential,2273097675.0
01-10-2006,Residential,2252159918.0
01-11-2006,Residential,2251648336.0
01-12-2006,Residential,2153154021.0
01-01-2006,Business,1860905827.0
01-02-2006,Business,1860989442.0
01-03-2006,Business,2179930495.0
01-04-2006,Business,2046012290.0
01-05-2006,Business,2129356287.0
01-06-2006,Business,2095249590.0
01-07-2006,Business,2149832849.0
01-08-2006,Business,2153776468.0
01-09-2006,Business,2084513145.0
01-10-2006,Business,2119001745.0
01-11-2006,Business,2144805445.9999998
01-12-2006,Business,1994023436.0
01-01-2006,Industrial,5206525349.0
01-02-2006,Industrial,5252872531.0
01-03-2006,Industrial,6023140517.0
01-04-2006,Industrial,5448909656.0
01-05-2006,Industrial,6029811475.0
01-06-2006,Industrial,5867624201.0
01-07-2006,Industrial,5887618811.0
01-08-2006,Industrial,5898411312.0
01-09-2006,Industrial,5815582414.0
01-10-2006,Industrial,5805834328.0
01-11-2006,Industrial,5737418633.0
01-12-2006,Industrial,5387982120.0
01-01-2006,Government & Non-Profit,273842657.0
01-02-2006,Government & Non-Profit,289073835.0
01-03-2006,Government & Non-Profit,342412865.0
01-04-2006,Government & Non-Profit,310030919.0
01-05-2006,Government & Non-Profit,317806931.0
01-06-2006,Government & Non-Profit,353256635.0
01-07-2006,Government & Non-Profit,357057260.0
01-08-2006,Government & Non-Profit,353784421.0
01-09-2006,Government & Non-Profit,376813163.0
01-10-2006,Government & Non-Profit,342449602.0
01-11-2006,Government & Non-Profit,337953379.0
01-12-2006,Government & Non-Profit,324576867.0
01-01-2006,Agriculture,27593315.0
01-02-2006,Agriculture,32848124.0
01-03-2006,Agriculture,35136667.0
01-04-2006,Agriculture,27995449.0
01-05-2006,Agriculture,17774755.0
01-06-2006,Agriculture,15236818.0
01-07-2006,Agriculture,19217771.0
01-08-2006,Agriculture,20125907.0
01-09-2006,Agriculture,10840956.0
01-10-2006,Agriculture,4884018.0
01-11-2006,Agriculture,10012378.0
01-12-2006,Agriculture,18351515.0
01-01-2006,Other,144442700.1
01-02-2006,Other,147498271.0
01-03-2006,Other,164274912.5
01-04-2006,Other,159659171.1
01-05-2006,Other,178339266.2
01-06-2006,Other,188060388.5
01-07-2006,Other,175829693.1
01-08-2006,Other,183505832.3
01-09-2006,Other,185760927.29999998
01-10-2006,Other,193836189.10000002
01-11-2006,Other,189520616.60000002
01-12-2006,Other,185949629.4
01-01-2006,Free of Charge,115927834.3
01-02-2006,Free of Charge,110860734.8
01-03-2006,Free of Charge,117878853.39999999
01-04-2006,Free of Charge,115640360.8
01-05-2006,Free of Charge,114951345.7
01-06-2006,Free of Charge,209753815.3
01-07-2006,Free of Charge,116665075.2
01-08-2006,Free of Charge,119204181.89999999
01-09-2006,Free of Charge,120445560.0
01-10-2006,Free of Charge,125643771.3
01-11-2006,Free of Charge,133482867.4
01-12-2006,Free of Charge,135567233.89999998
01-01-2007,Residential,1912230151.0
01-02-2007,Residential,1954590114.0
01-03-2007,Residential,2486206841.0
01-04-2007,Residential,2556700148.0
01-05-2007,Residential,2491491064.0
01-06-2007,Residential,2551850118.0
01-07-2007,Residential,2403096944.0
01-08-2007,Residential,2439958203.0
01-09-2007,Residential,2402248457.0
01-10-2007,Residential,2357423490.0
01-11-2007,Residential,2222446878.0
01-12-2007,Residential,2159742522.0
01-01-2007,Business,1924410891.0
01-02-2007,Business,1978325164.0
01-03-2007,Business,2282481422.0
01-04-2007,Business,2200053894.0
01-05-2007,Business,2247198483.0
01-06-2007,Business,2315207374.0
01-07-2007,Business,2252852417.0
01-08-2007,Business,2264495979.0
01-09-2007,Business,2236264343.0
01-10-2007,Business,2208569347.0
01-11-2007,Business,2082808809.0
01-12-2007,Business,2133518173.9999998
01-01-2007,Industrial,5510289282.0
01-02-2007,Industrial,5545129425.0
01-03-2007,Industrial,6225204424.0
01-04-2007,Industrial,5579731843.0
01-05-2007,Industrial,6136252331.0
01-06-2007,Industrial,6036758665.0
01-07-2007,Industrial,6078614863.0
01-08-2007,Industrial,6112019756.0
01-09-2007,Industrial,6031110154.0
01-10-2007,Industrial,6117327748.0
01-11-2007,Industrial,5964086647.0
01-12-2007,Industrial,5763825599.0
01-01-2007,Government & Non-Profit,290131079.0
01-02-2007,Government & Non-Profit,297293394.0
01-03-2007,Government & Non-Profit,358790257.0
01-04-2007,Government & Non-Profit,333052993.0
01-05-2007,Government & Non-Profit,343229438.0
01-06-2007,Government & Non-Profit,399971596.0
01-07-2007,Government & Non-Profit,393182505.0
01-08-2007,Government & Non-Profit,380299971.0
01-09-2007,Government & Non-Profit,410127213.0
01-10-2007,Government & Non-Profit,353573902.0
01-11-2007,Government & Non-Profit,333940199.0
01-12-2007,Government & Non-Profit,336203674.0
01-01-2007,Agriculture,31916677.0
01-02-2007,Agriculture,36922969.0
01-03-2007,Agriculture,37629850.0
01-04-2007,Agriculture,33082630.0
01-05-2007,Agriculture,12556293.0
01-06-2007,Agriculture,16453938.0
01-07-2007,Agriculture,27914618.0
01-08-2007,Agriculture,22246200.0
01-09-2007,Agriculture,10721140.0
01-10-2007,Agriculture,8794073.0
01-11-2007,Agriculture,11092792.0
01-12-2007,Agriculture,18434405.0
01-01-2007,Other,171351179.4
01-02-2007,Other,0.0
01-03-2007,Other,206296101.70000002
01-04-2007,Other,199938249.79999998
01-05-2007,Other,156626115.0
01-06-2007,Other,178958295.4
01-07-2007,Other,169908080.2
01-08-2007,Other,192699820.8
01-09-2007,Other,168482030.7
01-10-2007,Other,184454231.5
01-11-2007,Other,169400372.2
01-12-2007,Other,174990824.9
01-01-2007,Free of Charge,133521926.00000001
01-02-2007,Free of Charge,126893847.0
01-03-2007,Free of Charge,132159799.99999999
01-04-2007,Free of Charge,131768475.0
01-05-2007,Free of Charge,128873428.99999999
01-06-2007,Free of Charge,126808652.0
01-07-2007,Free of Charge,130540558.0
01-08-2007,Free of Charge,134054901.0
01-09-2007,Free of Charge,136516093.0
01-10-2007,Free of Charge,141494420.0
01-11-2007,Free of Charge,145642041.0
01-12-2007,Free of Charge,154964394.4
01-01-2008,Residential,2164650730.0
01-02-2008,Residential,2178408555.0
01-03-2008,Residential,2395060175.0
01-04-2008,Residential,2688771601.0
01-05-2008,Residential,2546264742.0
01-06-2008,Residential,2454198860.0
01-07-2008,Residential,2498382580.0
01-08-2008,Residential,2522132059.0
01-09-2008,Residential,2438558982.0
01-10-2008,Residential,2550143377.0
01-11-2008,Residential,2235920350.0
01-12-2008,Residential,2018723138.0
01-01-2008,Business,2157524500.0
01-02-2008,Business,2111040838.9999998
01-03-2008,Business,2353159113.0
01-04-2008,Business,2342195707.0
01-05-2008,Business,2359997682.0
01-06-2008,Business,2346505207.0
01-07-2008,Business,2376077235.0
01-08-2008,Business,2426140412.0
01-09-2008,Business,2313027152.0
01-10-2008,Business,2355590452.0
01-11-2008,Business,2150928783.0
01-12-2008,Business,2003009420.0
01-01-2008,Industrial,5818588306.0
01-02-2008,Industrial,5702746996.0
01-03-2008,Industrial,6384487637.0
01-04-2008,Industrial,5730199244.0
01-05-2008,Industrial,6313627964.0
01-06-2008,Industrial,6192709826.0
01-07-2008,Industrial,6313545031.0
01-08-2008,Industrial,6218794742.0
01-09-2008,Industrial,5905433897.0
01-10-2008,Industrial,5898128090.0
01-11-2008,Industrial,5400934593.0
01-12-2008,Industrial,4823444145.0
01-01-2008,Government & Non-Profit,326989261.0
01-02-2008,Government & Non-Profit,330357735.0
01-03-2008,Government & Non-Profit,354999101.0
01-04-2008,Government & Non-Profit,342596313.0
01-05-2008,Government & Non-Profit,357160257.0
01-06-2008,Government & Non-Profit,400810305.0
01-07-2008,Government & Non-Profit,394767636.0
01-08-2008,Government & Non-Profit,410596429.0
01-09-2008,Government & Non-Profit,426588248.0
01-10-2008,Government & Non-Profit,384897700.0
01-11-2008,Government & Non-Profit,354221650.0
01-12-2008,Government & Non-Profit,307577210.0
01-01-2008,Agriculture,35778718.0
01-02-2008,Agriculture,35285880.0
01-03-2008,Agriculture,43276351.0
01-04-2008,Agriculture,38377554.0
01-05-2008,Agriculture,14467746.0
01-06-2008,Agriculture,14900989.0
01-07-2008,Agriculture,26561025.0
01-08-2008,Agriculture,20504493.0
01-09-2008,Agriculture,13864420.0
01-10-2008,Agriculture,11860464.0
01-11-2008,Agriculture,5979275.0
01-12-2008,Agriculture,20599630.0
01-01-2008,Other,183876503.79999998
01-02-2008,Other,171536692.3
01-03-2008,Other,174490651.0
01-04-2008,Other,188313972.29999998
01-05-2008,Other,199958375.3
01-06-2008,Other,170871200.3
01-07-2008,Other,188435347.79999998
01-08-2008,Other,234840529.2
01-09-2008,Other,166443639.20000002
01-10-2008,Other,264411804.80000004
01-11-2008,Other,214858236.5
01-12-2008,Other,222748529.9
01-01-2008,Free of Charge,159019913.0
01-02-2008,Free of Charge,153219219.39999998
01-03-2008,Free of Charge,144614943.0
01-04-2008,Free of Charge,141338692.0
01-05-2008,Free of Charge,142585969.0
01-06-2008,Free of Charge,141097502.20000002
01-07-2008,Free of Charge,146251211.39999998
01-08-2008,Free of Charge,148295655.0
01-09-2008,Free of Charge,146756369.0
01-10-2008,Free of Charge,152277121.6
01-11-2008,Free of Charge,150084524.0
01-12-2008,Free of Charge,151889797.0
01-01-2009,Residential,2019316807.0
01-02-2009,Residential,2210097829.0
01-03-2009,Residential,2689300119.0
01-04-2009,Residential,2766726174.0
01-05-2009,Residential,2740119114.0
01-06-2009,Residential,2590734747.0
01-07-2009,Residential,2609814612.0
01-08-2009,Residential,2700777935.0
01-09-2009,Residential,2625490591.0
01-10-2009,Residential,2601094172.0
01-11-2009,Residential,2438462869.0
01-12-2009,Residential,2264568169.0
01-01-2009,Business,1984806565.0
01-02-2009,Business,2135911799.0
01-03-2009,Business,2453320191.0
01-04-2009,Business,2332017375.0
01-05-2009,Business,2393203012.0
01-06-2009,Business,2390051619.0
01-07-2009,Business,2396145533.0
01-08-2009,Business,2470987305.0
01-09-2009,Business,2386078653.0
01-10-2009,Business,2379280849.0
01-11-2009,Business,2249623010.0
01-12-2009,Business,2283203892.0
01-01-2009,Industrial,4700124096.0
01-02-2009,Industrial,4880654107.0
01-03-2009,Industrial,5693396763.0
01-04-2009,Industrial,5165492761.0
01-05-2009,Industrial,5847614697.0
01-06-2009,Industrial,5785334343.0
01-07-2009,Industrial,5923005573.0
01-08-2009,Industrial,6014812325.0
01-09-2009,Industrial,5935720204.0
01-10-2009,Industrial,6162348530.0
01-11-2009,Industrial,5873811548.0
01-12-2009,Industrial,5740616421.0
01-01-2009,Government & Non-Profit,299805112.0
01-02-2009,Government & Non-Profit,339605186.0
01-03-2009,Government & Non-Profit,408377351.0
01-04-2009,Government & Non-Profit,347889349.0
01-05-2009,Government & Non-Profit,390779430.0
01-06-2009,Government & Non-Profit,427475246.0
01-07-2009,Government & Non-Profit,411845856.0
01-08-2009,Government & Non-Profit,436600895.0
01-09-2009,Government & Non-Profit,468041093.0
01-10-2009,Government & Non-Profit,409070013.0
01-11-2009,Government & Non-Profit,385837474.0
01-12-2009,Government & Non-Profit,351297108.0
01-01-2009,Agriculture,38061130.0
01-02-2009,Agriculture,44724893.0
01-03-2009,Agriculture,45879076.0
01-04-2009,Agriculture,33134110.999999996
01-05-2009,Agriculture,20174420.0
01-06-2009,Agriculture,18991934.0
01-07-2009,Agriculture,24069295.0
01-08-2009,Agriculture,25999077.0
01-09-2009,Agriculture,16937158.0
01-10-2009,Agriculture,10158358.0
01-11-2009,Agriculture,12209803.0
01-12-2009,Agriculture,27520746.0
01-01-2009,Other,188995564.4
01-02-2009,Other,199054696.1
01-03-2009,Other,202776118.3
01-04-2009,Other,207160486.20000002
01-05-2009,Other,202219583.4
01-06-2009,Other,205128073.6
01-07-2009,Other,229812528.29999998
01-08-2009,Other,230014271.29999998
01-09-2009,Other,194832011.3
01-10-2009,Other,222359859.4
01-11-2009,Other,213881570.1
01-12-2009,Other,212942552.5
01-01-2009,Free of Charge,157706901.0
01-02-2009,Free of Charge,144293701.0
01-03-2009,Free of Charge,158163553.0
01-04-2009,Free of Charge,151824994.0
01-05-2009,Free of Charge,154343574.0
01-06-2009,Free of Charge,151379428.0
01-07-2009,Free of Charge,155271981.0
01-08-2009,Free of Charge,159292683.0
01-09-2009,Free of Charge,113016432.0
01-10-2009,Free of Charge,165261760.29999998
01-11-2009,Free of Charge,164053506.0
01-12-2009,Free of Charge,168498446.0
01-01-2010,Residential,2427749097.0
01-02-2010,Residential,2464573006.0
01-03-2010,Residential,2872615193.0
01-04-2010,Residential,3134387275.0
01-05-2010,Residential,3304331944.0
01-06-2010,Residential,3007303068.0
01-07-2010,Residential,2906591435.0
01-08-2010,Residential,2761558473.0
01-09-2010,Residential,2701776114.0
01-10-2010,Residential,2709978791.0
01-11-2010,Residential,2436586121.0
01-12-2010,Residential,2486354158.0
01-01-2010,Business,2338483115.0
01-02-2010,Business,2357169646.0
01-03-2010,Business,2577644543.0
01-04-2010,Business,2553285802.0
01-05-2010,Business,2602445348.0
01-06-2010,Business,2594246659.0
01-07-2010,Business,2692808531.0
01-08-2010,Business,2521128738.0
01-09-2010,Business,2529517302.0
01-10-2010,Business,2445075778.0
01-11-2010,Business,2339217143.0
01-12-2010,Business,2406569861.0
01-01-2010,Industrial,5812058035.0
01-02-2010,Industrial,5757525080.0
01-03-2010,Industrial,6648628733.0
01-04-2010,Industrial,6019053152.0
01-05-2010,Industrial,6635246516.0
01-06-2010,Industrial,6371715136.0
01-07-2010,Industrial,6586253313.0
01-08-2010,Industrial,6416854355.0
01-09-2010,Industrial,6353845677.0
01-10-2010,Industrial,6540119723.0
01-11-2010,Industrial,6193841521.0
01-12-2010,Industrial,6098114069.0
01-01-2010,Government & Non-Profit,371115607.0
01-02-2010,Government & Non-Profit,391163272.0
01-03-2010,Government & Non-Profit,416433552.0
01-04-2010,Government & Non-Profit,399273114.0
01-05-2010,Government & Non-Profit,440154912.0
01-06-2010,Government & Non-Profit,476136147.0
01-07-2010,Government & Non-Profit,472266208.0
01-08-2010,Government & Non-Profit,441201444.0
01-09-2010,Government & Non-Profit,464497406.0
01-10-2010,Government & Non-Profit,415563266.0
01-11-2010,Government & Non-Profit,374053289.0
01-12-2010,Government & Non-Profit,387529957.0
01-01-2010,Agriculture,43650804.0
01-02-2010,Agriculture,48475870.0
01-03-2010,Agriculture,55488253.0
01-04-2010,Agriculture,42418242.0
01-05-2010,Agriculture,27335258.0
01-06-2010,Agriculture,27448874.0
01-07-2010,Agriculture,30425272.0
01-08-2010,Agriculture,11565443.0
01-09-2010,Agriculture,8522557.0
01-10-2010,Agriculture,9463842.0
01-11-2010,Agriculture,9624238.0
01-12-2010,Agriculture,20869798.0
01-01-2010,Other,266008242.39999998
01-02-2010,Other,249245598.1
01-03-2010,Other,230949203.2
01-04-2010,Other,230342156.70000002
01-05-2010,Other,300201075.5
01-06-2010,Other,326183187.20000005
01-07-2010,Other,202541668.3
01-08-2010,Other,305607061.5
01-09-2010,Other,274365764.7
01-10-2010,Other,280197431.2
01-11-2010,Other,296040978.1
01-12-2010,Other,283053012.5
01-01-2010,Free of Charge,174142973.0
01-02-2010,Free of Charge,161969407.0
01-03-2010,Free of Charge,173647134.0
01-04-2010,Free of Charge,168962326.0
01-05-2010,Free of Charge,169044694.0
01-06-2010,Free of Charge,165216849.0
01-07-2010,Free of Charge,175061059.0
01-08-2010,Free of Charge,173921032.0
01-09-2010,Free of Charge,162215989.0
01-10-2010,Free of Charge,182424215.0
01-11-2010,Free of Charge,174302083.0
01-12-2010,Free of Charge,186152380.0
01-01-2011,Residential,2340046514.0
01-02-2011,Residential,2360223218.0
01-03-2011,Residential,2697397584.0
01-04-2011,Residential,2741360170.0
01-05-2011,Residential,3045568661.0
01-06-2011,Residential,2912874603.0
01-07-2011,Residential,2932900377.0
01-08-2011,Residential,2901321028.0
01-09-2011,Residential,2839452575.0
01-10-2011,Residential,2799146244.0
01-11-2011,Residential,2705219919.0
01-12-2011,Residential,2523944598.0
01-01-2011,Business,2282485099.0
01-02-2011,Business,2308348525.0
01-03-2011,Business,2519155691.0
01-04-2011,Business,2470387977.0
01-05-2011,Business,2736976751.0
01-06-2011,Business,2724723302.0
01-07-2011,Business,2698932877.0
01-08-2011,Business,2702132132.0
01-09-2011,Business,2674413860.0
01-10-2011,Business,2640665101.0
01-11-2011,Business,2468647396.0
01-12-2011,Business,2384595565.0
01-01-2011,Industrial,6061190520.0
01-02-2011,Industrial,5960873485.0
01-03-2011,Industrial,6728453311.0
01-04-2011,Industrial,5986186955.0
01-05-2011,Industrial,6654061782.0
01-06-2011,Industrial,6589785176.0
01-07-2011,Industrial,6733885246.0
01-08-2011,Industrial,6716761939.0
01-09-2011,Industrial,6684156513.0
01-10-2011,Industrial,6044427890.0
01-11-2011,Industrial,5495299983.0
01-12-2011,Industrial,5708834213.0
01-01-2011,Government & Non-Profit,347904498.0
01-02-2011,Government & Non-Profit,354113006.0
01-03-2011,Government & Non-Profit,392672548.0
01-04-2011,Government & Non-Profit,348202098.0
01-05-2011,Government & Non-Profit,413506660.0
01-06-2011,Government & Non-Profit,467349970.0
01-07-2011,Government & Non-Profit,461114571.0
01-08-2011,Government & Non-Profit,456417279.0
01-09-2011,Government & Non-Profit,496652672.0
01-10-2011,Government & Non-Profit,397369550.0
01-11-2011,Government & Non-Profit,389632682.0
01-12-2011,Government & Non-Profit,363288327.0
01-01-2011,Agriculture,46866800.0
01-02-2011,Agriculture,54529978.0
01-03-2011,Agriculture,47467446.0
01-04-2011,Agriculture,36919049.0
01-05-2011,Agriculture,14958875.0
01-06-2011,Agriculture,14234614.0
01-07-2011,Agriculture,20693755.0
01-08-2011,Agriculture,10778812.0
01-09-2011,Agriculture,5741872.0
01-10-2011,Agriculture,5620211.0
01-11-2011,Agriculture,10922574.0
01-12-2011,Agriculture,27977679.0
01-01-2011,Other,282384583.0
01-02-2011,Other,245890173.6
01-03-2011,Other,250646900.4
01-04-2011,Other,219219606.0
01-05-2011,Other,209120375.0
01-06-2011,Other,210312141.9
01-07-2011,Other,231365746.7
01-08-2011,Other,242828256.0
01-09-2011,Other,233024007.0
01-10-2011,Other,209876691.9
01-11-2011,Other,178058760.6
01-12-2011,Other,214603435.9
01-01-2011,Free of Charge,183493113.0
01-02-2011,Free of Charge,165956807.0
01-03-2011,Free of Charge,186888278.0
01-04-2011,Free of Charge,175124755.0
01-05-2011,Free of Charge,177650679.0
01-06-2011,Free of Charge,170646912.0
01-07-2011,Free of Charge,176320394.0
01-08-2011,Free of Charge,181204768.0
01-09-2011,Free of Charge,179449935.1
01-10-2011,Free of Charge,180286414.0
01-11-2011,Free of Charge,192787609.0
01-12-2011,Free of Charge,198576466.0
01-01-2012,Residential,2640590131.0
01-02-2012,Residential,2745475031.0
01-03-2012,Residential,3187724536.0
01-04-2012,Residential,3301548973.0
01-05-2012,Residential,3468652915.0
01-06-2012,Residential,3069482740.0
01-07-2012,Residential,3045423066.0
01-08-2012,Residential,3005388892.0
01-09-2012,Residential,2886679946.0
01-10-2012,Residential,3029852718.0
01-11-2012,Residential,3071710051.0
01-12-2012,Residential,2994682281.0
01-01-2012,Business,2540033141.0
01-02-2012,Business,2605136746.0
01-03-2012,Business,2913981651.0
01-04-2012,Business,2819494549.0
01-05-2012,Business,2986023082.0
01-06-2012,Business,2847630596.0
01-07-2012,Business,2909429969.0
01-08-2012,Business,2826595457.0
01-09-2012,Business,2762289052.0
01-10-2012,Business,3195122043.0
01-11-2012,Business,3240135893.0
01-12-2012,Business,3138182814.0
01-01-2012,Industrial,5985404149.0
01-02-2012,Industrial,6343167733.0
01-03-2012,Industrial,6990607342.0
01-04-2012,Industrial,6276894572.0
01-05-2012,Industrial,7081835489.0
01-06-2012,Industrial,6824677919.0
01-07-2012,Industrial,6993619774.0
01-08-2012,Industrial,6806515131.0
01-09-2012,Industrial,6746080662.0
01-10-2012,Industrial,6960936348.0
01-11-2012,Industrial,6870783703.0
01-12-2012,Industrial,6505455104.0
01-01-2012,Government & Non-Profit,351018415.0
01-02-2012,Government & Non-Profit,392168692.0
01-03-2012,Government & Non-Profit,431006129.0
01-04-2012,Government & Non-Profit,371302907.0
01-05-2012,Government & Non-Profit,431067134.0
01-06-2012,Government & Non-Profit,443473121.0
01-07-2012,Government & Non-Profit,456692998.0
01-08-2012,Government & Non-Profit,424945556.0
01-09-2012,Government & Non-Profit,460520071.0
01-10-2012,Government & Non-Profit,8708843.0
01-11-2012,Government & Non-Profit,13010838.0
01-12-2012,Government & Non-Profit,14871713.0
01-01-2012,Agriculture,46325960.0
01-02-2012,Agriculture,50419137.0
01-03-2012,Agriculture,50920389.0
01-04-2012,Agriculture,38242963.0
01-05-2012,Agriculture,22665139.0
01-06-2012,Agriculture,20760810.0
01-07-2012,Agriculture,32412231.0
01-08-2012,Agriculture,32857253.0
01-09-2012,Agriculture,11508825.0
01-10-2012,Agriculture,23499670.0
01-11-2012,Agriculture,18990939.0
01-12-2012,Agriculture,28505039.0
01-01-2012,Other,289251883.9
01-02-2012,Other,295005996.8
01-03-2012,Other,376938834.0
01-04-2012,Other,320369045.0
01-05-2012,Other,341285388.0
01-06-2012,Other,315652654.40000004
01-07-2012,Other,290376418.0
01-08-2012,Other,346039022.1
01-09-2012,Other,313189761.6
01-10-2012,Other,296515959.59999996
01-11-2012,Other,294604100.0
01-12-2012,Other,315220354.40000004
01-01-2012,Free of Charge,190930828.0
01-02-2012,Free of Charge,178029734.0
01-03-2012,Free of Charge,186311115.0
01-04-2012,Free of Charge,177267389.0
01-05-2012,Free of Charge,179951912.0
01-06-2012,Free of Charge,171263517.0
01-07-2012,Free of Charge,177302557.0
01-08-2012,Free of Charge,180038211.0
01-09-2012,Free of Charge,170594272.0
01-10-2012,Free of Charge,189070718.0
01-11-2012,Free of Charge,191834073.0
01-12-2012,Free of Charge,198798106.0
01-01-2013,Residential,2804744860.0
01-02-2013,Residential,2764095724.0
01-03-2013,Residential,3257106842.0
01-04-2013,Residential,3565730844.0
01-05-2013,Residential,3707832151.0
01-06-2013,Residential,3295578335.0
01-07-2013,Residential,3211282349.0
01-08-2013,Residential,3187019810.0
01-09-2013,Residential,3077837904.0
01-10-2013,Residential,3113258162.0
01-11-2013,Residential,2983607945.0
01-12-2013,Residential,2689280206.0
01-01-2013,Business,3054077477.0
01-02-2013,Business,3000698135.0
01-03-2013,Business,3388937853.0
01-04-2013,Business,3321288644.0
01-05-2013,Business,3558960890.0
01-06-2013,Business,3347597540.0
01-07-2013,Business,3327705035.0
01-08-2013,Business,3384206681.0
01-09-2013,Business,3253265871.0
01-10-2013,Business,3228098965.0
01-11-2013,Business,3206274567.0
01-12-2013,Business,2802380765.0
01-01-2013,Industrial,6554825640.0
01-02-2013,Industrial,6306848505.0
01-03-2013,Industrial,7303432609.0
01-04-2013,Industrial,6368942761.0
01-05-2013,Industrial,7149246775.0
01-06-2013,Industrial,6928633282.0
01-07-2013,Industrial,6907480859.0
01-08-2013,Industrial,6954445322.0
01-09-2013,Industrial,6859478811.0
01-10-2013,Industrial,6904198883.0
01-11-2013,Industrial,6766573997.0
01-12-2013,Industrial,6183748620.0
01-01-2013,Government & Non-Profit,13982514.0
01-02-2013,Government & Non-Profit,12979524.0
01-03-2013,Government & Non-Profit,11937612.0
01-04-2013,Government & Non-Profit,11781860.0
01-05-2013,Government & Non-Profit,13336339.0
01-06-2013,Government & Non-Profit,12543783.0
01-07-2013,Government & Non-Profit,12449934.0
01-08-2013,Government & Non-Profit,12541021.0
01-09-2013,Government & Non-Profit,12127743.0
01-10-2013,Government & Non-Profit,12257428.0
01-11-2013,Government & Non-Profit,12131358.0
01-12-2013,Government & Non-Profit,10779515.0
01-01-2013,Agriculture,48240641.0
01-02-2013,Agriculture,44516869.0
01-03-2013,Agriculture,47369198.0
01-04-2013,Agriculture,38240451.0
01-05-2013,Agriculture,24636886.0
01-06-2013,Agriculture,22615578.0
01-07-2013,Agriculture,31413651.0
01-08-2013,Agriculture,26522554.0
01-09-2013,Agriculture,17654278.0
01-10-2013,Agriculture,12852654.0
01-11-2013,Agriculture,13326037.0
01-12-2013,Agriculture,26231892.0
01-01-2013,Other,285090783.1
01-02-2013,Other,285269470.59999996
01-03-2013,Other,326730619.40000004
01-04-2013,Other,317860705.3
01-05-2013,Other,364569198.79999995
01-06-2013,Other,333395931.0
01-07-2013,Other,309810683.90000004
01-08-2013,Other,309158556.3
01-09-2013,Other,302752509.20000005
01-10-2013,Other,321800476.8
01-11-2013,Other,315348216.5
01-12-2013,Other,269293221.5
01-01-2013,Free of Charge,197955463.0
01-02-2013,Free of Charge,181845343.0
01-03-2013,Free of Charge,196464534.0
01-04-2013,Free of Charge,187678919.0
01-05-2013,Free of Charge,190045084.0
01-06-2013,Free of Charge,187695962.0
01-07-2013,Free of Charge,201209978.0
01-08-2013,Free of Charge,219543815.0
01-09-2013,Free of Charge,189291672.0
01-10-2013,Free of Charge,208537451.0
01-11-2013,Free of Charge,205630032.0
01-12-2013,Free of Charge,212943171.0
01-01-2014,Residential,2486838184.0
01-02-2014,Residential,2537360608.0
01-03-2014,Residential,3268858601.0
01-04-2014,Residential,3586315092.0
01-05-2014,Residential,3902803562.0
01-06-2014,Residential,3631314767.0
01-07-2014,Residential,3496072126.0
01-08-2014,Residential,3379309548.0
01-09-2014,Residential,3237779730.0
01-10-2014,Residential,3302688308.0
01-11-2014,Residential,3182617467.0
01-12-2014,Residential,2981210893.0
01-01-2014,Business,2760790463.0
01-02-2014,Business,2856810499.0
01-03-2014,Business,3432109865.0
01-04-2014,Business,3433041223.0
01-05-2014,Business,3661827326.0
01-06-2014,Business,3523785583.0
01-07-2014,Business,3495580281.0
01-08-2014,Business,3498216214.0
01-09-2014,Business,3429541594.0
01-10-2014,Business,3393597504.0
01-11-2014,Business,3380629819.0
01-12-2014,Business,3159943633.0
01-01-2014,Industrial,6264343457.0
01-02-2014,Industrial,6216791858.0
01-03-2014,Industrial,7273335963.0
01-04-2014,Industrial,6452831017.0
01-05-2014,Industrial,7317393409.0
01-06-2014,Industrial,7097105119.0
01-07-2014,Industrial,7114246939.0
01-08-2014,Industrial,7108584801.0
01-09-2014,Industrial,7055038919.0
01-10-2014,Industrial,7142388527.0
01-11-2014,Industrial,7010969944.0
01-12-2014,Industrial,6571343033.0
01-01-2014,Government & Non-Profit,10008948.0
01-02-2014,Government & Non-Profit,10446931.0
01-03-2014,Government & Non-Profit,12516440.0
01-04-2014,Government & Non-Profit,12984489.0
01-05-2014,Government & Non-Profit,14772469.0
01-06-2014,Government & Non-Profit,13724197.0
01-07-2014,Government & Non-Profit,13529920.0
01-08-2014,Government & Non-Profit,13221418.0
01-09-2014,Government & Non-Profit,12713768.0
01-10-2014,Government & Non-Profit,12827206.0
01-11-2014,Government & Non-Profit,12875289.0
01-12-2014,Government & Non-Profit,12225502.0
01-01-2014,Agriculture,50770889.0
01-02-2014,Agriculture,57706550.0
01-03-2014,Agriculture,62973192.0
01-04-2014,Agriculture,46773607.0
01-05-2014,Agriculture,25677143.0
01-06-2014,Agriculture,26112556.0
01-07-2014,Agriculture,32391078.999999996
01-08-2014,Agriculture,25373781.0
01-09-2014,Agriculture,20234490.0
01-10-2014,Agriculture,29158787.0
01-11-2014,Agriculture,15164380.0
01-12-2014,Agriculture,22004744.0
01-01-2014,Other,279630659.20000005
01-02-2014,Other,290389911.8
01-03-2014,Other,342521964.59999996
01-04-2014,Other,339268361.9
01-05-2014,Other,359064824.0
01-06-2014,Other,339050932.3
01-07-2014,Other,330498858.90000004
01-08-2014,Other,357988563.0
01-09-2014,Other,326907030.2
01-10-2014,Other,329430304.90000004
01-11-2014,Other,308294287.5
01-12-2014,Other,290416482.8
01-01-2014,Free of Charge,216054817.0
01-02-2014,Free of Charge,196735311.0
01-03-2014,Free of Charge,213687034.0
01-04-2014,Free of Charge,204743519.0
01-05-2014,Free of Charge,209840457.0
01-06-2014,Free of Charge,205723338.0
01-07-2014,Free of Charge,217047198.0
01-08-2014,Free of Charge,225434785.0
01-09-2014,Free of Charge,201208357.0
01-10-2014,Free of Charge,227459769.0
01-11-2014,Free of Charge,231680000.0
01-12-2014,Free of Charge,232705411.0
01-01-2015,Residential,2676064297.0
01-02-2015,Residential,2681488301.0
01-03-2015,Residential,3477804461.0
01-04-2015,Residential,3609565316.0
01-05-2015,Residential,3983258697.0
01-06-2015,Residential,3865125663.0
01-07-2015,Residential,3726166640.0
01-08-2015,Residential,3551353922.0
01-09-2015,Residential,3468793937.0
01-10-2015,Residential,3457301368.0
01-11-2015,Residential,3453722763.0
01-12-2015,Residential,3335208423.0
01-01-2015,Business,2974251280.0
01-02-2015,Business,3034011142.0
01-03-2015,Business,3644189781.0
01-04-2015,Business,3518949038.0
01-05-2015,Business,3854942928.0
01-06-2015,Business,3732041440.0
01-07-2015,Business,3757353594.0
01-08-2015,Business,3677136103.0
01-09-2015,Business,3604653455.0
01-10-2015,Business,3569826847.0
01-11-2015,Business,3602606592.0
01-12-2015,Business,3495720105.0
01-01-2015,Industrial,6554408574.0
01-02-2015,Industrial,6438285181.0
01-03-2015,Industrial,7422425945.0
01-04-2015,Industrial,6541207230.0
01-05-2015,Industrial,7431324780.0
01-06-2015,Industrial,7183985605.0
01-07-2015,Industrial,7183826025.0
01-08-2015,Industrial,7029648249.0
01-09-2015,Industrial,7080363818.0
01-10-2015,Industrial,7231750632.0
01-11-2015,Industrial,7055646231.0
01-12-2015,Industrial,6830831393.0
01-01-2015,Government & Non-Profit,11117673.0
01-02-2015,Government & Non-Profit,11588567.0
01-03-2015,Government & Non-Profit,11883542.0
01-04-2015,Government & Non-Profit,17757686.0
01-05-2015,Government & Non-Profit,16614656.0
01-06-2015,Government & Non-Profit,15739533.0
01-07-2015,Government & Non-Profit,16175887.0
01-08-2015,Government & Non-Profit,15577080.0
01-09-2015,Government & Non-Profit,15398509.0
01-10-2015,Government & Non-Profit,15459558.0
01-11-2015,Government & Non-Profit,15850442.0
01-12-2015,Government & Non-Profit,15832129.0
01-01-2015,Agriculture,29606737.0
01-02-2015,Agriculture,32745523.0
01-03-2015,Agriculture,37272705.0
01-04-2015,Agriculture,33291252.999999996
01-05-2015,Agriculture,31559815.0
01-06-2015,Agriculture,41936042.0
01-07-2015,Agriculture,44625343.0
01-08-2015,Agriculture,31266962.0
01-09-2015,Agriculture,33136769.0
01-10-2015,Agriculture,28993362.0
01-11-2015,Agriculture,22026521.0
01-12-2015,Agriculture,20217396.0
01-01-2015,Other,272630985.8
01-02-2015,Other,283465685.3
01-03-2015,Other,310532468.1
01-04-2015,Other,314403100.0
01-05-2015,Other,339516927.8
01-06-2015,Other,331355380.0
01-07-2015,Other,323891135.29999995
01-08-2015,Other,326119018.1
01-09-2015,Other,320850320.4
01-10-2015,Other,323441263.1
01-11-2015,Other,328442808.09999996
01-12-2015,Other,314152579.3
01-01-2015,Free of Charge,227593812.0
01-02-2015,Free of Charge,207433607.0
01-03-2015,Free of Charge,244857418.0
01-04-2015,Free of Charge,220668405.0
01-05-2015,Free of Charge,224701732.0
01-06-2015,Free of Charge,220073089.0
01-07-2015,Free of Charge,227470340.0
01-08-2015,Free of Charge,231677447.0
01-09-2015,Free of Charge,218549192.0
01-10-2015,Free of Charge,238237461.0
01-11-2015,Free of Charge,235405795.0
01-12-2015,Free of Charge,246730113.0
01-01-2016,Residential,3213484319.0
01-02-2016,Residential,2927029470.0
01-03-2016,Residential,3671314132.0
01-04-2016,Residential,4194852213.9999995
01-05-2016,Residential,4571438876.0
01-06-2016,Residential,3873825128.0
01-07-2016,Residential,3704841095.0
01-08-2016,Residential,3835341127.0
01-09-2016,Residential,3649349184.0
01-10-2016,Residential,3629401789.0
01-11-2016,Residential,3421381442.0
01-12-2016,Residential,3240091951.0
01-01-2016,Business,3414010633.0
01-02-2016,Business,3242852616.0
01-03-2016,Business,3873268969.0
01-04-2016,Business,3928139021.0
01-05-2016,Business,4125320096.0000005
01-06-2016,Business,3805787288.0
01-07-2016,Business,3759857400.0
01-08-2016,Business,3931387557.0
01-09-2016,Business,3743534751.0
01-10-2016,Business,3716088632.0
01-11-2016,Business,3654683497.0
01-12-2016,Business,3444049365.0
01-01-2016,Industrial,6830143168.0
01-02-2016,Industrial,6695785978.0
01-03-2016,Industrial,7636448623.0
01-04-2016,Industrial,6893849128.0
01-05-2016,Industrial,7696322133.0
01-06-2016,Industrial,7313704935.0
01-07-2016,Industrial,7246266777.0
01-08-2016,Industrial,7403237482.0
01-09-2016,Industrial,7362333808.0
01-10-2016,Industrial,7487899251.0
01-11-2016,Industrial,7317937351.0
01-12-2016,Industrial,6994246359.0
01-01-2016,Government & Non-Profit,13938818.0
01-02-2016,Government & Non-Profit,13989151.0
01-03-2016,Government & Non-Profit,16781206.0
01-04-2016,Government & Non-Profit,17106376.0
01-05-2016,Government & Non-Profit,18229254.0
01-06-2016,Government & Non-Profit,17489433.0
01-07-2016,Government & Non-Profit,17542573.0
01-08-2016,Government & Non-Profit,18353215.0
01-09-2016,Government & Non-Profit,17416982.0
01-10-2016,Government & Non-Profit,17473033.0
01-11-2016,Government & Non-Profit,17020393.0
01-12-2016,Government & Non-Profit,15844236.0
01-01-2016,Agriculture,24206988.0
01-02-2016,Agriculture,25204058.0
01-03-2016,Agriculture,30432717.0
01-04-2016,Agriculture,27348097.0
01-05-2016,Agriculture,17941611.0
01-06-2016,Agriculture,16396909.999999998
01-07-2016,Agriculture,21733931.0
01-08-2016,Agriculture,33705855.0
01-09-2016,Agriculture,19569939.0
01-10-2016,Agriculture,14866064.0
01-11-2016,Agriculture,10547242.0
01-12-2016,Agriculture,25369886.0
01-01-2016,Other,300978298.7
01-02-2016,Other,291687091.7
01-03-2016,Other,335175815.3
01-04-2016,Other,331906473.8
01-05-2016,Other,355938059.3
01-06-2016,Other,342344742.4
01-07-2016,Other,333998097.9
01-08-2016,Other,346283144.7
01-09-2016,Other,340571936.5
01-10-2016,Other,343988309.09999996
01-11-2016,Other,333086558.5
01-12-2016,Other,310803108.4
01-01-2016,Free of Charge,248234628.0
01-02-2016,Free of Charge,232076275.0
01-03-2016,Free of Charge,246470400.0
01-04-2016,Free of Charge,235372954.0
01-05-2016,Free of Charge,240873110.0
01-06-2016,Free of Charge,240107565.0
01-07-2016,Free of Charge,243426258.0
01-08-2016,Free of Charge,251010226.0
01-09-2016,Free of Charge,251379470.0
01-10-2016,Free of Charge,257369941.99999997
01-11-2016,Free of Charge,251806020.0
01-12-2016,Free of Charge,264528535.99999997
01-01-2017,Residential,3244465979.0
01-02-2017,Residential,3024712663.0
01-03-2017,Residential,3797355074.0
01-04-2017,Residential,4004230028.0
01-05-2017,Residential,4210429635.0000005
01-06-2017,Residential,3908256450.0
01-07-2017,Residential,3843408146.0
01-08-2017,Residential,3946096264.0
01-09-2017,Residential,3851497166.0
01-10-2017,Residential,3763823220.0
01-11-2017,Residential,3459148408.0
01-12-2017,Residential,3320535544.0
01-01-2017,Business,3436124668.0
01-02-2017,Business,3282808469.0
01-03-2017,Business,3964584628.0
01-04-2017,Business,3810066470.0
01-05-2017,Business,4029298049.0
01-06-2017,Business,3939045162.0
01-07-2017,Business,3863411183.0
01-08-2017,Business,4034223324.0
01-09-2017,Business,3930616340.0
01-10-2017,Business,3748487140.0
01-11-2017,Business,3628805965.0
01-12-2017,Business,3432551265.0
01-01-2017,Industrial,6832870764.0
01-02-2017,Industrial,6728150509.0
01-03-2017,Industrial,7821599808.0
01-04-2017,Industrial,6854728235.0
01-05-2017,Industrial,7649289245.0
01-06-2017,Industrial,7412129872.0
01-07-2017,Industrial,7425785514.0
01-08-2017,Industrial,7673398673.0
01-09-2017,Industrial,7624273494.0
01-10-2017,Industrial,7401454147.0
01-11-2017,Industrial,7368919564.0
01-12-2017,Industrial,6979380264.0
01-01-2017,Government & Non-Profit,15838842.0
01-02-2017,Government & Non-Profit,14723367.0
01-03-2017,Government & Non-Profit,17931495.0
01-04-2017,Government & Non-Profit,17329059.0
01-05-2017,Government & Non-Profit,18234445.0
01-06-2017,Government & Non-Profit,17603243.0
01-07-2017,Government & Non-Profit,17150325.0
01-08-2017,Government & Non-Profit,16497426.999999998
01-09-2017,Government & Non-Profit,15782290.0
01-10-2017,Government & Non-Profit,15317558.0
01-11-2017,Government & Non-Profit,16385421.999999998
01-12-2017,Government & Non-Profit,15048150.0
01-01-2017,Agriculture,41873083.0
01-02-2017,Agriculture,51976331.0
01-03-2017,Agriculture,55287921.0
01-04-2017,Agriculture,36752414.0
01-05-2017,Agriculture,19562186.0
01-06-2017,Agriculture,12452496.0
01-07-2017,Agriculture,18648789.0
01-08-2017,Agriculture,14342215.0
01-09-2017,Agriculture,9382632.0
01-10-2017,Agriculture,5756718.0
01-11-2017,Agriculture,8453552.0
01-12-2017,Agriculture,23745279.0
01-01-2017,Other,363262258.40000004
01-02-2017,Other,369546770.90000004
01-03-2017,Other,370684208.4
01-04-2017,Other,345819941.9
01-05-2017,Other,381581870.40000004
01-06-2017,Other,352241973.8
01-07-2017,Other,343377982.8
01-08-2017,Other,362173953.6
01-09-2017,Other,358782332.2
01-10-2017,Other,344437118.7
01-11-2017,Other,337756867.4
01-12-2017,Other,317565929.8
01-01-2017,Free of Charge,268225619.0
01-02-2017,Free of Charge,241524892.0
01-03-2017,Free of Charge,262639535.00000003
01-04-2017,Free of Charge,255425460.0
01-05-2017,Free of Charge,259481303.00000003
01-06-2017,Free of Charge,255633329.0
01-07-2017,Free of Charge,262993502.99999997
01-08-2017,Free of Charge,266131306.0
01-09-2017,Free of Charge,250733814.0
01-10-2017,Free of Charge,270682423.0
01-11-2017,Free of Charge,267721243.00000003
01-12-2017,Free of Charge,273593094.0
01-01-2018,Residential,3100760423.0
01-02-2018,Residential,3131078190.0
01-03-2018,Residential,3846268111.0
01-04-2018,Residential,3975964204.0
01-05-2018,Residential,4166780702.0
01-06-2018,Residential,4007244773.0
01-07-2018,Residential,3995065306.0
01-08-2018,Residential,3895296604.0
01-09-2018,Residential,3730239461.0
01-10-2018,Residential,3981222853.0
01-11-2018,Residential,3730484484.0
01-12-2018,Residential,3644477328.0
01-01-2018,Business,3518657666.0
01-02-2018,Business,3412152952.0
01-03-2018,Business,4046506386.0
01-04-2018,Business,3836986604.0
01-05-2018,Business,4103469317.0
01-06-2018,Business,4034247040.0
01-07-2018,Business,4028025936.0
01-08-2018,Business,4025885661.0
01-09-2018,Business,3959844361.0
01-10-2018,Business,4016144100.0
01-11-2018,Business,3927907413.0
01-12-2018,Business,3853775687.0
01-01-2018,Industrial,7053105848.0
01-02-2018,Industrial,6722683612.0
01-03-2018,Industrial,7785425961.0
01-04-2018,Industrial,6812903434.0
01-05-2018,Industrial,7590872863.0
01-06-2018,Industrial,7505595229.0
01-07-2018,Industrial,7439042438.0
01-08-2018,Industrial,7615687998.0
01-09-2018,Industrial,7438873118.0
01-10-2018,Industrial,7568253502.0
01-11-2018,Industrial,7352737536.0
01-12-2018,Industrial,6943796174.0
01-01-2018,Government & Non-Profit,15542849.0
01-02-2018,Government & Non-Profit,14816775.0
01-03-2018,Government & Non-Profit,17667052.0
01-04-2018,Government & Non-Profit,16359103.000000002
01-05-2018,Government & Non-Profit,17422727.0
01-06-2018,Government & Non-Profit,20706574.0
01-07-2018,Government & Non-Profit,17288849.0
01-08-2018,Government & Non-Profit,17171507.0
01-09-2018,Government & Non-Profit,16845627.0
01-10-2018,Government & Non-Profit,17311214.0
01-11-2018,Government & Non-Profit,16782455.0
01-12-2018,Government & Non-Profit,16386507.000000002
01-01-2018,Agriculture,41316916.0
01-02-2018,Agriculture,47916173.0
01-03-2018,Agriculture,48663441.0
01-04-2018,Agriculture,31378150.0
01-05-2018,Agriculture,18255057.0
01-06-2018,Agriculture,23623288.0
01-07-2018,Agriculture,28601260.0
01-08-2018,Agriculture,23994460.0
01-09-2018,Agriculture,20830135.0
01-10-2018,Agriculture,31328158.0
01-11-2018,Agriculture,17549583.0
01-12-2018,Agriculture,31832614.0
01-01-2018,Other,319993022.3
01-02-2018,Other,315315134.3
01-03-2018,Other,352243030.3
01-04-2018,Other,338855149.40000004
01-05-2018,Other,368064548.3
01-06-2018,Other,364736560.1
01-07-2018,Other,358418187.2
01-08-2018,Other,368466347.3
01-09-2018,Other,362882711.5
01-10-2018,Other,368748548.0
01-11-2018,Other,347674270.3
01-12-2018,Other,344495321.2
01-01-2018,Free of Charge,280572055.0
01-02-2018,Free of Charge,253165191.0
01-03-2018,Free of Charge,273977773.0
01-04-2018,Free of Charge,262359473.99999997
01-05-2018,Free of Charge,267796028.99999997
01-06-2018,Free of Charge,266949537.00000003
01-07-2018,Free of Charge,267587781.0
01-08-2018,Free of Charge,277773551.0
01-09-2018,Free of Charge,259562045.0
01-10-2018,Free of Charge,277393768.0
01-11-2018,Free of Charge,279309922.0
01-12-2018,Free of Charge,288465452.0
01-01-2019,Residential,3555908513.0
01-02-2019,Residential,3533687622.0
01-03-2019,Residential,4255705417.0
01-04-2019,Residential,4697312190.0
01-05-2019,Residential,4996433219.0
01-06-2019,Residential,4357263748.0
01-07-2019,Residential,4358017855.0
01-08-2019,Residential,4180994321.0
01-09-2019,Residential,3870762688.0
01-10-2019,Residential,4113421685.9999995
01-11-2019,Residential,3849875074.0
01-12-2019,Residential,3432522631.0
01-01-2019,Business,3776966866.0
01-02-2019,Business,3770497620.0
01-03-2019,Business,4297801380.0
01-04-2019,Business,4334787543.0
01-05-2019,Business,4501196814.0
01-06-2019,Business,4254704047.0
01-07-2019,Business,4245578017.0
01-08-2019,Business,4219056370.9999995
01-09-2019,Business,3990006379.0
01-10-2019,Business,4161362377.0000005
01-11-2019,Business,3917548130.0
01-12-2019,Business,3658818281.0
01-01-2019,Industrial,6976914905.0
01-02-2019,Industrial,6731369618.0
01-03-2019,Industrial,7758873362.0
01-04-2019,Industrial,6941658131.0
01-05-2019,Industrial,7625768045.0
01-06-2019,Industrial,7361144877.0
01-07-2019,Industrial,7310300543.0
01-08-2019,Industrial,7386913250.0
01-09-2019,Industrial,7103933338.0
01-10-2019,Industrial,7251836536.0
01-11-2019,Industrial,7079178584.0
01-12-2019,Industrial,6576088247.0
01-01-2019,Government & Non-Profit,15745195.0
01-02-2019,Government & Non-Profit,15935751.0
01-03-2019,Government & Non-Profit,18522779.0
01-04-2019,Government & Non-Profit,18721628.0
01-05-2019,Government & Non-Profit,19314091.0
01-06-2019,Government & Non-Profit,18095422.0
01-07-2019,Government & Non-Profit,17966898.0
01-08-2019,Government & Non-Profit,18364295.0
01-09-2019,Government & Non-Profit,17395135.0
01-10-2019,Government & Non-Profit,18356331.0
01-11-2019,Government & Non-Profit,16894770.0
01-12-2019,Government & Non-Profit,15669180.0
01-01-2019,Agriculture,46839719.0
01-02-2019,Agriculture,49254167.0
01-03-2019,Agriculture,57387259.0
01-04-2019,Agriculture,42343237.0
01-05-2019,Agriculture,30207081.0
01-06-2019,Agriculture,30370843.0
01-07-2019,Agriculture,52868623.0
01-08-2019,Agriculture,33363284.999999996
01-09-2019,Agriculture,23193400.0
01-10-2019,Agriculture,43854071.0
01-11-2019,Agriculture,23976135.0
01-12-2019,Agriculture,34168290.0
01-01-2019,Other,341087579.8
01-02-2019,Other,343460756.8
01-03-2019,Other,383377961.9
01-04-2019,Other,377011101.3
01-05-2019,Other,395391511.5
01-06-2019,Other,380864181.7
01-07-2019,Other,379704325.5
01-08-2019,Other,381202227.7
01-09-2019,Other,372370662.20000005
01-10-2019,Other,389943631.5
01-11-2019,Other,360083363.2
01-12-2019,Other,333080786.2
01-01-2019,Free of Charge,291204898.0
01-02-2019,Free of Charge,263383072.00000003
01-03-2019,Free of Charge,288083272.0
01-04-2019,Free of Charge,275107881.0
01-05-2019,Free of Charge,285378086.0
01-06-2019,Free of Charge,273386814.0
01-07-2019,Free of Charge,278762930.0
01-08-2019,Free of Charge,289381532.0
01-09-2019,Free of Charge,273402652.0
01-10-2019,Free of Charge,293858476.0
01-11-2019,Free of Charge,293544454.0
01-12-2019,Free of Charge,304346954.0
01-01-2020,Residential,3858206219.0
01-02-2020,Residential,3731905381.0
01-03-2020,Residential,4430198165.0
01-04-2020,Residential,4969137993.0
01-05-2020,Residential,5533814369.0
01-06-2020,Residential,4983661746.0
01-07-2020,Residential,4838388385.0
01-08-2020,Residential,4551322863.0
01-09-2020,Residential,4490628295.0
01-10-2020,Residential,3994021807.0
01-11-2020,Residential,3745950940.0
01-12-2020,Residential,3733148113.0
01-01-2020,Business,4029257442.0
01-02-2020,Business,3806605246.0
01-03-2020,Business,3995047944.0
01-04-2020,Business,3245034230.0
01-05-2020,Business,3454795687.0
01-06-2020,Business,3525568145.0
01-07-2020,Business,3810516252.0
01-08-2020,Business,3848756520.0
01-09-2020,Business,3802496026.0
01-10-2020,Business,3600754131.0
01-11-2020,Business,3470453511.0
01-12-2020,Business,3360533296.0
01-01-2020,Industrial,6906194514.0
01-02-2020,Industrial,6918802491.0
01-03-2020,Industrial,7404835180.0
01-04-2020,Industrial,6474510925.0
01-05-2020,Industrial,6483135399.0
01-06-2020,Industrial,6409959104.0
01-07-2020,Industrial,6721325350.0
01-08-2020,Industrial,6955365976.0
01-09-2020,Industrial,6997148672.0
01-10-2020,Industrial,7096711305.0
01-11-2020,Industrial,7040832064.0
01-12-2020,Industrial,6749169212.0
01-01-2020,Government & Non-Profit,17022833.0
01-02-2020,Government & Non-Profit,16199646.000000002
01-03-2020,Government & Non-Profit,17833796.0
01-04-2020,Government & Non-Profit,16729885.0
01-05-2020,Government & Non-Profit,17933447.0
01-06-2020,Government & Non-Profit,17025769.0
01-07-2020,Government & Non-Profit,17537003.0
01-08-2020,Government & Non-Profit,17574189.0
01-09-2020,Government & Non-Profit,17314738.0
01-10-2020,Government & Non-Profit,16670984.0
01-11-2020,Government & Non-Profit,16162320.000000002
01-12-2020,Government & Non-Profit,15842866.0
01-01-2020,Agriculture,47185323.0
01-02-2020,Agriculture,50619480.0
01-03-2020,Agriculture,50015631.0
01-04-2020,Agriculture,37999150.0
01-05-2020,Agriculture,29695716.0
01-06-2020,Agriculture,33399149.0
01-07-2020,Agriculture,45843712.0
01-08-2020,Agriculture,29920319.0
01-09-2020,Agriculture,31288813.0
01-10-2020,Agriculture,15319749.0
01-11-2020,Agriculture,12451268.0
01-12-2020,Agriculture,33113318.0
01-01-2020,Other,344663684.2
01-02-2020,Other,333351603.09999996
01-03-2020,Other,363072788.2
01-04-2020,Other,336062031.1
01-05-2020,Other,311892388.5
01-06-2020,Other,282151364.2
01-07-2020,Other,325611000.0
01-08-2020,Other,319706885.8
01-09-2020,Other,334498805.3
01-10-2020,Other,314323454.4
01-11-2020,Other,305789439.3
01-12-2020,Other,300528715.20000005
01-01-2020,Free of Charge,306712491.0
01-02-2020,Free of Charge,285637584.0
01-03-2020,Free of Charge,298608669.0
01-04-2020,Free of Charge,283899703.0
01-05-2020,Free of Charge,287532736.0
01-06-2020,Free of Charge,278450268.0
01-07-2020,Free of Charge,287803534.0
01-08-2020,Free of Charge,304528373.0
01-09-2020,Free of Charge,299893817.0
01-10-2020,Free of Charge,318208178.0
01-11-2020,Free of Charge,310945433.0
01-12-2020,Free of Charge,323716508.0
01-01-2021,Residential,3481641870.0
01-02-2021,Residential,3571308690.0
01-03-2021,Residential,4508140122.0
01-04-2021,Residential,4858155110.0
01-05-2021,Residential,5319709485.0
01-06-2021,Residential,5246038866.0
01-07-2021,Residential,5090285233.0
01-08-2021,Residential,5045987222.0
01-09-2021,Residential,4572095718.0
01-01-2021,Business,2977030032.0
01-02-2021,Business,3109926062.0
01-03-2021,Business,3916951952.0
01-04-2021,Business,3607306072.0
01-05-2021,Business,3659113661.0
01-06-2021,Business,3672990507.0
01-07-2021,Business,3494759537.0
01-08-2021,Business,3386145973.0
01-09-2021,Business,3347957251.0
01-01-2021,Industrial,6828606049.0
01-02-2021,Industrial,6586126760.0
01-03-2021,Industrial,7742977966.0
01-04-2021,Industrial,6998310371.0
01-05-2021,Industrial,7585828627.0
01-06-2021,Industrial,7340002173.0
01-07-2021,Industrial,7240317290.0
01-08-2021,Industrial,7159447721.0
01-09-2021,Industrial,7175091032.0
01-01-2021,Government & Non-Profit,14464493.0
01-02-2021,Government & Non-Profit,14610250.0
01-03-2021,Government & Non-Profit,18278854.0
01-04-2021,Government & Non-Profit,16678588.000000002
01-05-2021,Government & Non-Profit,17431173.0
01-06-2021,Government & Non-Profit,19081859.0
01-07-2021,Government & Non-Profit,15841840.0
01-08-2021,Government & Non-Profit,17334027.0
01-09-2021,Government & Non-Profit,16690089.0
01-01-2021,Agriculture,53102306.0
01-02-2021,Agriculture,51569042.0
01-03-2021,Agriculture,57456219.0
01-04-2021,Agriculture,30234640.0
01-05-2021,Agriculture,22336491.0
01-06-2021,Agriculture,35674371.0
01-07-2021,Agriculture,38212510.0
01-08-2021,Agriculture,44743169.0
01-09-2021,Agriculture,15647880.0
01-01-2021,Other,276054173.7
01-02-2021,Other,285475575.7
01-03-2021,Other,337893499.09999996
01-04-2021,Other,323401380.09999996
01-05-2021,Other,340212331.8
01-06-2021,Other,355090879.59999996
01-07-2021,Other,312580255.4
01-08-2021,Other,303918847.59999996
01-09-2021,Other,308896360.5
01-01-2021,Free of Charge,319915228.0
01-02-2021,Free of Charge,295630939.0
01-03-2021,Free of Charge,311495986.0
01-04-2021,Free of Charge,304964975.0
01-05-2021,Free of Charge,309374126.0
01-06-2021,Free of Charge,305818501.0
01-07-2021,Free of Charge,314642408.0
01-08-2021,Free of Charge,325609960.0
01-09-2021,Free of Charge,310876334.0
01-10-2021,Residential,4578188335.0
01-10-2021,Business,3538178086.0
01-10-2021,Industrial,7457084958.0
01-10-2021,Government & Non-Profit,17269773.0
01-10-2021,Agriculture,12265373.0
01-10-2021,Other,350641054.4
01-10-2021,Free of Charge,332218763.0
01-11-2021,Residential,4247710432.0
01-11-2021,Business,3506420331.0
01-11-2021,Industrial,7345843956.0
01-11-2021,Government & Non-Profit,16794601.0
01-11-2021,Agriculture,9590642.0
01-11-2021,Other,314884499.9
01-11-2021,Free of Charge,328105236.0
01-12-2021,Residential,3771216760.0
01-12-2021,Business,3312088534.0
01-12-2021,Industrial,6967478106.0
01-12-2021,Government & Non-Profit,16075665.999999998
01-12-2021,Agriculture,27122337.0
01-12-2021,Other,320252134.9
01-12-2021,Free of Charge,335135460.0
01-01-2022,Residential,4012483775.0
01-01-2022,Business,3438848150.0
01-01-2022,Industrial,7093966469.0
01-01-2022,Government & Non-Profit,17173261.0
01-01-2022,Agriculture,51733750.0
01-01-2022,Other,310420941.9
01-01-2022,Free of Charge,340778024.0
01-02-2022,Residential,3944945606.0
01-02-2022,Business,3300799688.0
01-02-2022,Industrial,6868618673.0
01-02-2022,Government & Non-Profit,16091951.000000002
01-02-2022,Agriculture,44431218.0
01-02-2022,Other,302642743.4
01-02-2022,Free of Charge,307986052.0
01-03-2022,Residential,4708970270.0
01-03-2022,Business,3956743545.0
01-03-2022,Industrial,7949101264.0
01-03-2022,Government & Non-Profit,19089715.0
01-03-2022,Agriculture,46146668.0
01-03-2022,Other,352025477.79999995
01-03-2022,Free of Charge,332635592.0
01-04-2022,Residential,4882417359.0
01-04-2022,Business,3775708897.0
01-04-2022,Industrial,7195073300.0
01-04-2022,Government & Non-Profit,17894560.0
01-04-2022,Agriculture,33851893.0
01-04-2022,Other,371079142.90000004
01-04-2022,Free of Charge,321568435.0
01-05-2022,Residential,5011733738.0
01-05-2022,Business,3967736022.0
01-05-2022,Industrial,7836707937.0
01-05-2022,Government & Non-Profit,18367340.0
01-05-2022,Agriculture,17061303.0
01-05-2022,Other,363044751.59999996
01-05-2022,Free of Charge,331038929.0
01-06-2022,Residential,4901177590.0
01-06-2022,Business,4094929040.0
01-06-2022,Industrial,7559108772.0
01-06-2022,Government & Non-Profit,18880377.0
01-06-2022,Agriculture,28217355.0
01-06-2022,Other,370925491.79999995
01-06-2022,Free of Charge,326840318.0
01-07-2022,Residential,4832737786.0
01-07-2022,Business,4111229270.0
01-07-2022,Industrial,7635906273.0
01-07-2022,Government & Non-Profit,18779860.0
01-07-2022,Agriculture,29637428.0
01-07-2022,Other,364262410.8
01-07-2022,Free of Charge,336692683.0
01-08-2022,Residential,4707077358.0
01-08-2022,Business,4143126845.0
01-08-2022,Industrial,7666282101.0
01-08-2022,Government & Non-Profit,18787607.0
01-08-2022,Agriculture,15921114.0
01-08-2022,Other,377533375.3
01-08-2022,Free of Charge,347039073.0
01-09-2022,Residential,4420568318.0
01-09-2022,Business,3995902026.0
01-09-2022,Industrial,7373524183.0
01-09-2022,Government & Non-Profit,18380863.0
01-09-2022,Agriculture,15026822.0
01-09-2022,Other,348659132.4
01-09-2022,Free of Charge,335685804.0
01-10-2022,Residential,4175218611.9999995
01-10-2022,Business,3804060263.0
01-10-2022,Industrial,7289194352.0
01-10-2022,Government & Non-Profit,17723653.0
01-10-2022,Agriculture,13947467.0
01-10-2022,Other,353223199.79999995
01-10-2022,Free of Charge,348743035.0
01-11-2022,Residential,4153113932.9999995
01-11-2022,Business,3850682713.0
01-11-2022,Industrial,7298376663.0
01-11-2022,Government & Non-Profit,17609249.0
01-11-2022,Agriculture,13809737.0
01-11-2022,Other,361614454.59999996
01-11-2022,Free of Charge,348694360.0
01-12-2022,Residential,3987601876.0
01-12-2022,Business,3653839994.0
01-12-2022,Industrial,6797595515.0
01-12-2022,Government & Non-Profit,17004908.0
01-12-2022,Agriculture,25540080.0
01-12-2022,Other,342871532.1
01-12-2022,Free of Charge,366618190.0
01-01-2023,Residential,3638382593.0
01-01-2023,Business,3532194441.0
01-01-2023,Industrial,6749218721.0
01-01-2023,Government & Non-Profit,16354821.999999998
01-01-2023,Agriculture,52853539.0
01-01-2023,Other,332807880.9
01-01-2023,Free of Charge,357629943.0
01-02-2023,Residential,3710316258.0
01-02-2023,Business,3566974552.0
01-02-2023,Industrial,6723135158.0
01-02-2023,Government & Non-Profit,16148578.0
01-02-2023,Agriculture,56091081.0
01-02-2023,Other,341633272.90000004
01-02-2023,Free of Charge,325180520.0
01-03-2023,Residential,4438402385.0
01-03-2023,Business,4140312807.0000005
01-03-2023,Industrial,7623288573.0
01-03-2023,Government & Non-Profit,19215026.0
01-03-2023,Agriculture,67421748.0
01-03-2023,Other,382665868.90000004
01-03-2023,Free of Charge,352037777.0
01-04-2023,Residential,5696785092.0
01-04-2023,Business,4371092645.0
01-04-2023,Industrial,6937257988.0
01-04-2023,Government & Non-Profit,20017665.0
01-04-2023,Agriculture,55178811.0
01-04-2023,Other,402377908.7
01-04-2023,Free of Charge,343391453.0
01-05-2023,Residential,5949333890.0
01-05-2023,Business,4623624741.0
01-05-2023,Industrial,7556280032.0
01-05-2023,Government & Non-Profit,20571902.0
01-05-2023,Agriculture,34088781.0
01-05-2023,Other,437063161.3
01-05-2023,Free of Charge,354493350.0
01-06-2023,Residential,5348684452.0
01-06-2023,Business,4399341496.0
01-06-2023,Industrial,7205984797.0
01-06-2023,Government & Non-Profit,19899332.0
01-06-2023,Agriculture,35636567.0
01-06-2023,Other,423978939.29999995
01-06-2023,Free of Charge,347042397.0
01-07-2023,Residential,5247948851.0
01-07-2023,Business,4421824505.0
01-07-2023,Industrial,7386974472.0
01-07-2023,Government & Non-Profit,20078244.0
01-07-2023,Agriculture,42700523.0
01-07-2023,Other,425015941.3
01-07-2023,Free of Charge,357795646.0
01-08-2023,Residential,3657167025.0
01-08-2023,Business,2476793977.0
01-08-2023,Industrial,6375490330.0
01-08-2023,Government & Non-Profit,7430660.0
01-08-2023,Agriculture,43009722.0
01-08-2023,Other,93519573.41000001
01-08-2023,Free of Charge,314120859.0
01-09-2023,Residential,4821579518.0
01-09-2023,Business,4232861418.0000005
01-09-2023,Industrial,7247765290.0
01-09-2023,Government & Non-Profit,20137050.0
01-09-2023,Agriculture,24717535.0
01-09-2023,Other,419316975.09999996
01-09-2023,Free of Charge,358307371.0
01-10-2023,Residential,4789460641.0
01-10-2023,Business,4204269007.0
01-10-2023,Industrial,7308947469.0
01-10-2023,Government & Non-Profit,19894257.0
01-10-2023,Agriculture,16680382.000000002
01-10-2023,Other,410142615.0
01-10-2023,Free of Charge,431022885.0
01-11-2023,Residential,4534802088.0
01-11-2023,Business,4034057384.0
01-11-2023,Industrial,7228846708.0
01-11-2023,Government & Non-Profit,18874242.0
01-11-2023,Agriculture,15231366.0
01-11-2023,Other,406630817.5
01-11-2023,Free of Charge,422632414.0
01-12-2023,Residential,4402920004.0
01-12-2023,Business,4006138108.0
01-12-2023,Industrial,6872656622.0
01-12-2023,Government & Non-Profit,11054108.0
01-12-2023,Agriculture,40746632.0
01-12-2023,Other,398518182.7
01-12-2023,Free of Charge,416710601.0
01-01-2024,Residential,4344758639.0
01-01-2024,Business,4049686149.0
01-01-2024,Industrial,7088398743.0
01-01-2024,Government & Non-Profit,18207549.0
01-01-2024,Agriculture,65068308.0
01-01-2024,Other,406733727.8
01-01-2024,Free of Charge,390436296.0
01-02-2024,Residential,4437181230.0
01-02-2024,Business,4113476069.9999995
01-02-2024,Industrial,7019057719.0
01-02-2024,Government & Non-Profit,19290926.0
01-02-2024,Agriculture,66737007.00000001
01-02-2024,Other,414767657.0
01-02-2024,Free of Charge,369041370.0
01-03-2024,Residential,5444282958.0
01-03-2024,Business,4620968352.0
01-03-2024,Industrial,7903605686.0
01-03-2024,Government & Non-Profit,21704960.0
01-03-2024,Agriculture,65402879.99999999
01-03-2024,Other,447287572.4
01-03-2024,Free of Charge,389394008.0
01-04-2024,Residential,6234350800.0
01-04-2024,Business,4739318846.0
01-04-2024,Industrial,7087003925.0
01-04-2024,Government & Non-Profit,22280996.0
01-04-2024,Agriculture,52532709.0
01-04-2024,Other,467939090.0
01-04-2024,Free of Charge,364220061.0
01-05-2024,Residential,6557785678.0
01-05-2024,Business,4876678284.0
01-05-2024,Industrial,7882912274.0
01-05-2024,Government & Non-Profit,22234070.0
01-05-2024,Agriculture,35732378.0
01-05-2024,Other,483103910.2
01-05-2024,Free of Charge,384345228.0
01-06-2024,Residential,5572437640.0
01-06-2024,Business,4587550850.0
01-06-2024,Industrial,7398035629.0
01-06-2024,Government & Non-Profit,21430037.0
01-06-2024,Agriculture,30077189.0
01-06-2024,Other,462392032.3
01-06-2024,Free of Charge,374968247.0
01-07-2024,Residential,5166409119.0
01-07-2024,Business,4504645663.0
01-07-2024,Industrial,7511575775.0
01-07-2024,Government & Non-Profit,20979874.0
01-07-2024,Agriculture,30143993.0
01-07-2024,Other,454563081.0
01-07-2024,Free of Charge,379895374.0
01-08-2024,Residential,5251325242.0
01-08-2024,Business,4660897965.0
01-08-2024,Industrial,7485122969.0
01-08-2024,Government & Non-Profit,22154774.0
01-08-2024,Agriculture,24581211.0
01-08-2024,Other,475163657.6
01-08-2024,Free of Charge,389114341.0
01-09-2024,Residential,5007056645.0
01-09-2024,Business,4395297077.0
01-09-2024,Industrial,7288114329.0
01-09-2024,Government & Non-Profit,21084176.0
01-09-2024,Agriculture,21458267.0
01-09-2024,Other,466848432.8
01-09-2024,Free of Charge,381577502.0
01-10-2024,Residential,5039914600.0
01-10-2024,Business,4413780834.0
01-10-2024,Industrial,7523390270.0
01-10-2024,Government & Non-Profit,20929207.0
01-10-2024,Agriculture,19114713.0
01-10-2024,Other,479843494.09999996
01-10-2024,Free of Charge,398674326.0
01-11-2024,Residential,4788540317.0
01-11-2024,Business,4265255206.0
01-11-2024,Industrial,7260756660.0
01-11-2024,Government & Non-Profit,20002558.0
01-11-2024,Agriculture,17960907.0
01-11-2024,Other,477332500.8
01-11-2024,Free of Charge,391324911.0
01-12-2024,Residential,4320055870.0
01-12-2024,Business,3946045877.0
01-12-2024,Industrial,6751451677.0
01-12-2024,Government & Non-Profit,18379438.0
01-12-2024,Agriculture,48685615.0
01-12-2024,Other,449510524.40000004
01-12-2024,Free of Charge,408309461.0
01-01-2025,Residential,3755712538.0
01-01-2025,Business,3763620258.0
01-01-2025,Industrial,6732492331.0
01-01-2025,Government & Non-Profit,17241702.0
01-01-2025,Agriculture,70241697.0
01-01-2025,Other,338795283.0
01-01-2025,Free of Charge,408639916.0
01-02-2025,Residential,3955435845.0
01-02-2025,Business,3874373810.0
01-02-2025,Industrial,6692431575.0
01-02-2025,Government & Non-Profit,17977567.0
01-02-2025,Agriculture,68019745.0
01-02-2025,Other,347832188.5
01-02-2025,Free of Charge,369937434.0
01-03-2025,Residential,5137280842.0
01-03-2025,Business,4575637147.0
01-03-2025,Industrial,7694969524.0
01-03-2025,Government & Non-Profit,21437930.0
01-03-2025,Agriculture,64426356.0
01-03-2025,Other,409640029.09999996
01-03-2025,Free of Charge,400543833.0
01-04-2025,Residential,5534357371.0
01-04-2025,Business,4499384140.0
01-04-2025,Industrial,6949468744.0
01-04-2025,Government & Non-Profit,21219531.0
01-04-2025,Agriculture,42586380.0
01-04-2025,Other,399026332.79999995
01-04-2025,Free of Charge,383540481.0
01-05-2025,Residential,5778517725.0
01-05-2025,Business,4716393448.0
01-05-2025,Industrial,7670869384.0
01-05-2025,Government & Non-Profit,21773784.0
01-05-2025,Agriculture,20761115.0
01-05-2025,Other,420707107.0
01-05-2025,Free of Charge,389890650.0
01-06-2025,Residential,5372612911.0
01-06-2025,Business,4572231807.0
01-06-2025,Industrial,7230762166.0
01-06-2025,Government & Non-Profit,20930918.0
01-06-2025,Agriculture,22633859.0
01-06-2025,Other,407510939.3
01-06-2025,Free of Charge,382486759.0
01-07-2025,Residential,5316363085.0
01-07-2025,Business,4643714075.0
01-07-2025,Industrial,7436659846.0
01-07-2025,Government & Non-Profit,21363118.0
01-07-2025,Agriculture,26985261.0
01-07-2025,Other,426161265.7
01-07-2025,Free of Charge,394139066.0
01-08-2025,Residential,5481306738.0
01-08-2025,Business,4705432068.52983
01-08-2025,Industrial,7460714194.25083
01-08-2025,Government & Non-Profit,22159290.0
01-08-2025,Agriculture,33078277.999999996
01-08-2025,Other,432567880.30113196
01-08-2025,Free of Charge,408762265.0
01-09-2025,Residential,4956938021.0
01-09-2025,Business,4568926157.44908
01-09-2025,Industrial,7307725438.581281
01-09-2025,Government & Non-Profit,21039527.0
01-09-2025,Agriculture,16176112.0
01-09-2025,Other,323537445.046094
01-09-2025,Free of Charge,397696358.0
01-10-2025,Residential,5104949016.0
01-10-2025,Business,4545055952.20226
01-10-2025,Industrial,7478925237.3745
01-10-2025,Government & Non-Profit,21163732.0
01-10-2025,Agriculture,15847538.0
01-10-2025,Other,350718911.703476
01-10-2025,Free of Charge,422423843.0
01-11-2025,Residential,4463265538.0
01-11-2025,Business,4169658630.0366197
01-11-2025,Industrial,7130994031.25262
01-11-2025,Government & Non-Profit,19118188.0
01-11-2025,Agriculture,9760418.0
01-11-2025,Other,306573468.17951703
01-11-2025,Free of Charge,408815369.0
01-12-2025,Residential,3983016347.0
01-12-2025,Business,4173286677.1901298
01-12-2025,Industrial,6939914913.09879
01-12-2025,Government & Non-Profit,18674629.0
01-12-2025,Agriculture,29095227.0
01-12-2025,Other,302277534.095753
01-12-2025,Free of Charge,419445620.0
